seller_id,product_id,title,price,discounts,url,img_url,review
39089189,35770986,Ði?n Tho?i Xiao?i Redmi 8A (2GB/32GB),2190000,-37%,/di?n-tho?i-xiao?i-redmi-8a-2gb-32gb-h?ng-ch?nh-h?ng-p35770986.html?spid=39089189&src=category-page-1789.1795&2hi=0,https://salt.tikicdn.com/cache/280x280/ts/product/58/2a/e8/7e3f40983e6b0dfa60aefae3867c4050.jpg,(126 nh?n xét)
45339111,45339109,Ði?n Tho?i Samsung Galaxy A51 (128GB/6GB),7590000,-5%,/di?n-tho?i-samsung-galaxy-a51-128gb-6gb-h?ng-ch?nh-h?ng-p45339109.html?spid=45339111&src=category-page-1789.1795&2hi=0,https://salt.tikicdn.com/cache/280x280/ts/product/9a/da/fd/c806910bc5a12d1c43a2e0932ff10732.jpg,(111 nh?n xét)
54749371,46753117,Ði?n Tho?i Vsmart Active 3,2850000,-37%,/di?n-tho?i-vsmart-active-3-h?ng-ch?nh-h?ng-p46753117.html?spid=54749371&src=category-page-1789.1795&2hi=0,https://salt.tikicdn.com/cache/280x280/ts/product/21/b2/3a/3cf0cf3433d7122448bb1f90bf9b7bb0.png,(397 nh?n xét)
54349525,48524359,Ði?n Tho?i Vsmart Joy 3,1980000,-14%,/di?n-tho?i-vsmart-joy-3-h?ng-ch?nh-h?ng-p48524359.html?spid=54349525&src=category-page-1789.1795&2hi=0,https://salt.tikicdn.com/cache/280x280/ts/product/5a/7b/e1/5acd19c60380413b3e72ac3460da0f62.jpg,(357 nh?n xét)
53793247,53516830,Ði?n Tho?i Samsung Galaxy A11 (32GB/3GB),3220000,-13%,/di?n-tho?i-samsung-galaxy-a11-32gb-3gb-h?ng-ch?nh-h?ng-p53516830.html?spid=53793247&src=category-page-1789.1795&2hi=0,https://salt.tikicdn.com/cache/280x280/ts/product/98/b8/89/c078436f8c04567119078c0e7adfc255.jpg,(46 nh?n xét)
32033719,32033717,Ði?n Tho?i iPh?ne 11 64GB,18990000,-17%,/di?n-tho?i-iph?ne-11-64gb-h?ng-ch?nh-h?ng-p32033717.html?spid=32033719&src=category-page-1789.1795&2hi=0,https://salt.tikicdn.com/cache/280x280/ts/product/84/3d/55/7bb112f36cd07f712d461e386e74e3d5.jpg,(147 nh?n xét)
45695397,45695395,Ði?n Tho?i Samsung Galaxy A51 (128GB/6GB),5999000,-25%,/di?n-tho?i-samsung-galaxy-a51-128gb-6gb-h?ng-ch?nh-h?ng-da-kich-hoat-bao-h?nh-di?n-tu-p45695395.html?spid=45695397&src=category-page-1789.1795&2hi=0,https://salt.tikicdn.com/cache/280x280/ts/product/0c/98/a8/a6a1dc2eec8189746bf75c824a6d64e9.jpg,(164 nh?n xét)
32033732,32033730,Ði?n Tho?i iPh?ne 11 128GB,20490000,-15%,/di?n-tho?i-iph?ne-11-128gb-h?ng-ch?nh-h?ng-p32033730.html?spid=32033732&src=category-page-1789.1795&2hi=0,https://salt.tikicdn.com/cache/280x280/ts/product/0c/62/39/499c08d6ec13cd33b33ee601d9e4251e.jpg,(79 nh?n xét)
16256387,16256385,Ði?n Tho?i Vivo Y15 (4GB / 64GB),2790000,-44%,/di?n-tho?i-vivo-y15-4gb-64gb-h?ng-ch?nh-h?ng-p16256385.html?spid=16256387&src=category-page-1789.1795&2hi=0,https://salt.tikicdn.com/cache/280x280/ts/product/d7/7c/13/f9e94af4553b064963a0dbdbe7c6b39b.jpg,(69 nh?n xét)
58444051,35843180,Ði?n Tho?i Samsung Galaxy A20s,4390000,,/di?n-tho?i-samsung-galaxy-a20s-h?ng-ch?nh-h?ng-p35843180.html?spid=58444051&src=category-page-1789.1795&2hi=0,https://salt.tikicdn.com/cache/280x280/ts/product/67/92/7a/eb626e7ada147c1946427f3fef1d2f69.jpg,(139 nh?n xét)
54353918,51553387,Ði?n THo?i XIAo?i REDMi?nOTE 9S,5090000,-7%,/di?n-tho?i-xiao?i-redmi?note-9s-h?ng-ch?nh-h?ng-p51553387.html?spid=54353918&src=category-page-1789.1795&2hi=0,https://salt.tikicdn.com/cache/280x280/ts/product/a4/79/ce/daae9ce882ca20f2a71910afe46a851b.png,(48 nh?n xét)
32028826,32028822,Ði?n Tho?i iPh?ne 11 Pro Max 64GB,28490000,-16%,/di?n-tho?i-iph?ne-11-pro-max-64gb-h?ng-ch?nh-h?ng-p32028822.html?spid=32028826&src=category-page-1789.1795&2hi=0,https://salt.tikicdn.com/cache/280x280/ts/product/6b/da/72/8a286001708741cbcdedc0cbfe8f0cae.jpg,(127 nh?n xét)
48654410,48654406,Ði?n Tho?i Vsmart Star 3 (2GB/16GB),1590000,-11%,/di?n-tho?i-vsmart-star-3-2gb-16gb-h?ng-ch?nh-h?ng-p48654406.html?spid=48654410&src=category-page-1789.1795&2hi=0,https://salt.tikicdn.com/cache/280x280/ts/product/0f/49/ce/81c19a38474b755156c8431d978f5418.jpg,(113 nh?n xét)
31276834,31276832,Ði?n Tho?i OPPO A9 2020 (128G/8GB),4690000,-41%,/di?n-tho?i-oppo-a9-2020-128g-8gb-h?ng-ch?nh-h?ng-p31276832.html?spid=31276834&src=category-page-1789.1795&2hi=0,https://salt.tikicdn.com/cache/280x280/ts/product/5c/63/67/aad7c2586211ce63030180629e89f743.jpg,(40 nh?n xét)
53970687,39751299,Ði?n tho?i Xiao?i Redmi 8 64GB Ram 4GB,2990000,-17%,/di?n-tho?i-xiao?i-redmi-8-64gb-ram-4gb-h?ng-ch?nh-h?ng-p39751299.html?spid=53970687&src=category-page-1789.1795&2hi=0,https://salt.tikicdn.com/cache/280x280/ts/product/14/71/dc/4eaa1c5b79e21195b85614288eff4ab5.png,(44 nh?n xét)
50066269,50300535,Ði?n Tho?i Samsung Galaxy S20 Plus,15490000,-35%,/di?n-tho?i-samsung-galaxy-s20-plus-h?ng-ch?nh-h?ng-da-kich-hoat-bao-h?nh-di?n-tu-p50300535.html?spid=50066269&src=category-page-1789.1795&2hi=0,https://salt.tikicdn.com/cache/280x280/ts/product/ab/18/e1/de59a5bd4d512de45979147c063eda7b.jpg,(62 nh?n xét)
52717590,52717588,Ði?n Tho?i Samsung Galaxy M11 (32GB/3GB),3190000,-14%,/di?n-tho?i-samsung-galaxy-m11-32gb-3gb-h?ng-ch?nh-h?ng-p52717588.html?spid=52717590&src=category-page-1789.1795&2hi=0,https://salt.tikicdn.com/cache/280x280/ts/product/ac/5e/b1/b95a214b23b83e1446b309823f81d459.jpg,(82 nh?n xét)
52611794,50024767,Ði?n Tho?i Vsmart Bee 3,1240000,-11%,/di?n-tho?i-vsmart-bee-3-h?ng-ch?nh-h?ng-p50024767.html?spid=52611794&src=category-page-1789.1795&2hi=0,https://salt.tikicdn.com/cache/280x280/ts/product/89/d4/d8/59f294826dd2f0233374f24403467e67.jpg,(32 nh?n xét)
52342727,52342723,Ði?n Tho?i  Realme C3i (2GB/32G),2190000,-15%,/di?n-tho?i-realme-c3i-2gb-32g-h?ng-ch?nh-h?ng-p52342723.html?spid=52342727&src=category-page-1789.1795&2hi=0,https://salt.tikicdn.com/cache/280x280/ts/product/eb/f9/40/3238e7605b209e3d075f71fd3614bfd9.jpg,(47 nh?n xét)
49917543,49917539,Ði?n Tho?i Realme C3,2690000,-10%,/di?n-tho?i-realme-c3-h?ng-ch?nh-h?ng-p49917539.html?spid=49917543&src=category-page-1789.1795&2hi=0,https://salt.tikicdn.com/cache/280x280/ts/product/32/79/a9/d7d3e3f4e009f1ee63400a52cac553ff.jpg,(34 nh?n xét)
20913601,20913598,Ði?n Tho?i?no?ia 2.2 (16GB/2GB),1520000,-49%,/di?n-tho?i?no?ia-2-2-16gb-2gb-h?ng-ch?nh-h?ng-p20913598.html?spid=20913601&src=category-page-1789.1795&2hi=0,https://salt.tikicdn.com/cache/280x280/ts/product/1e/9c/2a/58a9527e97bbacb7db00b938010b70c7.jpg,(166 nh?n xét)
53090591,53090589,Ði?n Tho?i iPh?ne  SE 64GB ( 2020),11290000,-13%,/di?n-tho?i-iph?ne-se-64gb-2020-nhap-khau-h?ng-ch?nh-h?ng-p53090589.html?spid=53090591&src=category-page-1789.1795&2hi=0,https://salt.tikicdn.com/cache/280x280/ts/product/16/15/72/7363f6268c34387efc2d4079c537e64e.jpg,(14 nh?n xét)
48307569,48307567,Ði?n Tho?i Samsung Galaxy A01 (16GB/2GB),2790000,,/di?n-tho?i-samsung-galaxy-a01-16gb-2gb-h?ng-ch?nh-h?ng-p48307567.html?spid=48307569&src=category-page-1789.1795&2hi=0,https://salt.tikicdn.com/cache/280x280/ts/product/4d/94/81/431e8b4d197f263a609445dea6e86932.jpg,(69 nh?n xét)
55311236,55138557,Ði?n tho?i Xiao?i Redmi?note 9 Pro,5690000,-12%,/di?n-tho?i-xiao?i-redmi?note-9-pro-h?ng-ch?nh-h?ng-p55138557.html?spid=55311236&src=category-page-1789.1795&2hi=0,https://salt.tikicdn.com/cache/280x280/ts/product/5b/26/71/578c605b9f68f63eceaa1acee2e8481e.png,(13 nh?n xét)
54060192,34478298,Ði?n Tho?i Realme 5 Pro (4GB/128GB),4290000,-32%,/di?n-tho?i-realme-5-pro-4gb-128gb-h?ng-ch?nh-h?ng-p34478298.html?spid=54060192&src=category-page-1789.1795&2hi=0,https://salt.tikicdn.com/cache/280x280/ts/product/71/ed/6b/b0721219f398ed2dba3c13acded8f1d6.jpg,(50 nh?n xét)
24153115,24153113,Ði?n Tho?i Vivo Y12 (64GB/3GB),2590000,-38%,/di?n-tho?i-vivo-y12-64gb-3gb-h?ng-ch?nh-h?ng-p24153113.html?spid=24153115&src=category-page-1789.1795&2hi=0,https://salt.tikicdn.com/cache/280x280/ts/product/61/d0/96/a6f967a3a4101411828cf7e2e49e1731.png,(32 nh?n xét)
55898557,48309215,Ði?n Tho?i Samsung Galaxy A01 (16GB/2GB),1890000,-32%,/di?n-tho?i-samsung-galaxy-a01-16gb-2gb-h?ng-ch?nh-h?ng-da-kich-hoat-bao-h?nh-di?n-tu-p48309215.html?spid=55898557&src=category-page-1789.1795&2hi=0,https://salt.tikicdn.com/cache/280x280/ts/product/5b/d6/a5/c4b9bd7fb598d96e157526e0b4194f00.jpg,(57 nh?n xét)
29882440,29454689,Ði?n Tho?i Samsung Galaxy Note 10 Plus...,15990000,-41%,/di?n-tho?i-samsung-galaxy-note-10-plus-256gb-12gb-h?ng-ch?nh-h?ng-da-kich-hoat-bao-h?nh-di?n-tu-p29454689.html?spid=29882440&src=category-page-1789.1795&2hi=0,https://salt.tikicdn.com/cache/280x280/ts/product/be/3d/f0/3ef177cecc485b9a9132a87858f0595d.jpg,(112 nh?n xét)
57782473,55646154,Ði?n Tho?i Oppo A92 2020 (8GB/128GB),5990000,-14%,/di?n-tho?i-oppo-a92-2020-8gb-128gb-h?ng-ch?nh-h?ng-p55646154.html?spid=57782473&src=category-page-1789.1795&2hi=0,https://salt.tikicdn.com/cache/280x280/ts/product/a3/d9/15/a58e9c2dca556edb0dc73546c3e04959.jpg,(8 nh?n xét)
53772209,52063654,Ði?n Tho?i Samsung Galaxy M21 (64GB/4GB),5090000,-7%,/di?n-tho?i-samsung-galaxy-m21-64gb-4gb-h?ng-ch?nh-h?ng-p52063654.html?spid=53772209&src=category-page-1789.1795&2hi=0,https://salt.tikicdn.com/cache/280x280/ts/product/e9/4d/8c/7f3ca8af28dbf1281892c07f5c34dc25.jpg,(11 nh?n xét)
17878123,17510352,Ði?n Tho?i Oppo A1K,2350000,-26%,/di?n-tho?i-oppo-a1k-h?ng-ch?nh-h?ng-p17510352.html?spid=17878123&src=category-page-1789.1795&2hi=0,https://salt.tikicdn.com/cache/280x280/ts/product/4e/58/a7/2ff49ea4d1557e2a5fc63ef84b9309b9.jpg,(37 nh?n xét)
15674846,15674844,Ði?n Tho?i OPPO A5s,2690000,-33%,/di?n-tho?i-oppo-a5s-h?ng-ch?nh-h?ng-p15674844.html?spid=15674846&src=category-page-1789.1795&2hi=0,https://salt.tikicdn.com/cache/280x280/ts/product/e0/e9/1d/3e0154ad1c4a9605e81b62ef36e1aead.jpg,(73 nh?n xét)
56027840,56027838,Ði?n Tho?i Samsung Galaxy A21s,4190000,-11%,/di?n-tho?i-samsung-galaxy-a21s-h?ng-ch?nh-h?ng-da-kich-hoat-bao-h?nh-di?n-tu-p56027838.html?spid=56027840&src=category-page-1789.1795&2hi=0,https://salt.tikicdn.com/cache/280x280/ts/product/51/86/8c/1120b70e34a5c1789c4cf05175ff7914.jpg,(11 nh?n xét)
57787855,55584843,Ði?n tho?i Xiao?i Redmi?note 9 (3GB/64GB),3690000,-8%,/di?n-tho?i-xiao?i-redmi?note-9-3gb-64gb-h?ng-ch?nh-h?ng-p55584843.html?spid=57787855&src=category-page-1789.1795&2hi=0,https://salt.tikicdn.com/cache/280x280/ts/product/9e/73/b2/996acf29e4ba6c87a948bd40d005c426.png,(12 nh?n xét)
49329242,49329240,Ði?n Tho?i Oppo A31 2020 (4GB/128GB),3490000,-22%,/di?n-tho?i-oppo-a31-2020-4gb-128gb-h?ng-ch?nh-h?ng-p49329240.html?spid=49329242&src=category-page-1789.1795&2hi=0,https://salt.tikicdn.com/cache/280x280/ts/product/19/c3/e3/59dfcb0bdb13a1604e5c53385d795158.jpg,(15 nh?n xét)
56307924,56307922,Ði?n Tho?i?no?ia 5.3 (64GB/3GB),3490000,-13%,/di?n-tho?i?no?ia-5-3-64gb-3gb-h?ng-ch?nh-h?ng-p56307922.html?spid=56307924&src=category-page-1789.1795&2hi=0,https://salt.tikicdn.com/cache/280x280/ts/product/02/20/f0/8b1ca528378774ae85ae4d596d7d9f09.jpg,(21 nh?n xét)
53830730,53826923,Ði?n tho?i Xiao?i Redmi 8 (3GB/32GB),2390000,-11%,/di?n-tho?i-xiao?i-redmi-8-3gb-32gb-h?ng-ch?nh-h?ng-p53826923.html?spid=53830730&src=category-page-1789.1795&2hi=0,https://salt.tikicdn.com/cache/280x280/ts/product/22/e0/40/460467ebc6d00f746df1fb61705dd1f9.jpg,(20 nh?n xét)
54446729,54446719,Ði?n THo?i XIAo?i REDMi?nOTE 9S (NGUYÊN SEAL...,4490000,-18%,/di?n-tho?i-xiao?i-redmi?note-9s-nguyen-seal-global-versi?n-h?ng-nhap-khau-co-san-ti?ng-viet-kh?ng-can-cai-dat-p54446719.html?spid=54446729&src=category-page-1789.1795&2hi=0,https://salt.tikicdn.com/cache/280x280/ts/product/58/24/71/17948a1af4a72b22b08108faac665456.png,(6 nh?n xét)
53727819,10761518,Ði?n Tho?i Mobell S41,639000,-54%,/di?n-tho?i-mobell-s41-h?ng-ch?nh-h?ng-p10761518.html?spid=53727819&src=category-page-1789.1795&2hi=0,https://salt.tikicdn.com/cache/280x280/ts/product/74/65/5b/6c7559ca0f4fc7165db3c6eae226ecf7.jpg,(13 nh?n xét)
51050816,47475798,Ði?n Tho?i Samsung Galaxy A71 (128GB/8GB),8975000,-14%,/di?n-tho?i-samsung-galaxy-a71-128gb-8gb-h?ng-ch?nh-h?ng-da-kich-hoat-bao-h?nh-di?n-tu-p47475798.html?spid=51050816&src=category-page-1789.1795&2hi=0,https://salt.tikicdn.com/cache/280x280/ts/product/94/2f/ae/8308cecfebc32911b38f333d372dadb5.jpg,(13 nh?n xét)
32033389,32033383,Ði?n Tho?i iPh?ne 11 Pro Max 256GB,32990000,-13%,/di?n-tho?i-iph?ne-11-pro-max-256gb-h?ng-ch?nh-h?ng-p32033383.html?spid=32033389&src=category-page-1789.1795&2hi=0,https://salt.tikicdn.com/cache/280x280/ts/product/5d/3c/d8/62b3e73d288a2c0c73aff58ff414401f.jpg,(58 nh?n xét)
53991023,33911924,Ði?n Tho?i iPh?ne 11 Pro Max 256GB,28799000,-30%,/di?n-tho?i-iph?ne-11-pro-max-256gb-h?ng-nhap-khau-p33911924.html?spid=53991023&src=category-page-1789.1795&2hi=0,https://salt.tikicdn.com/cache/280x280/ts/product/86/db/bc/ba55876127bea308f1ebe65da71caa82.png,(7 nh?n xét)
54023235,54023229,Ði?n Tho?i OPPO RENO 3 (8GB/128GB),6790000,-24%,/di?n-tho?i-oppo-reno-3-8gb-128gb-h?ng-ch?nh-h?ng-p54023229.html?spid=54023235&src=category-page-1789.1795&2hi=0,https://salt.tikicdn.com/cache/280x280/ts/product/20/3c/0d/4443a473a56a1574050914227f5faa2f.jpg,(12 nh?n xét)
54159847,36196166,Ði?n Tho?i Realme 5 (4GB/128GB),3490000,-30%,/di?n-tho?i-realme-5-4gb-128gb-h?ng-ch?nh-h?ng-p36196166.html?spid=54159847&src=category-page-1789.1795&2hi=0,https://salt.tikicdn.com/cache/280x280/ts/product/bb/c4/e2/420bdc22858e5b17d3c8ff9e62176e80.jpg,(11 nh?n xét)
35043488,36700352,Ði?n Tho?i iPh?ne 8 Plus 128GB,13990000,-26%,/di?n-tho?i-iph?ne-8-plus-h?ng-ch?nh-h?ng-vn-a-p36700352.html?spid=35043488&src=category-page-1789.1795&2hi=0,https://salt.tikicdn.com/cache/280x280/ts/product/b0/39/73/aa015ff37be75f60a07439ddd47310ac.jpg,(60 nh?n xét)
57053248,15363972,Ði?n Tho?i Itel S13 Pro,1090000,-42%,/di?n-tho?i-itel-s13-pro-h?ng-ch?nh-h?ng-p15363972.html?spid=57053248&src=category-page-1789.1795&2hi=0,https://salt.tikicdn.com/cache/280x280/ts/product/4a/e9/bc/712b8814b6c3931df70f29761eb73e19.jpg,(5 nh?n xét)
53991351,34016501,Ði?n Tho?i iPh?ne 11 64GB,17599000,-23%,/di?n-tho?i-iph?ne-11-64gb-h?ng-nhap-khau-p34016501.html?spid=53991351&src=category-page-1789.1795&2hi=0,https://salt.tikicdn.com/cache/280x280/ts/product/9a/b5/a9/685dcf8857f487cd8632bccf7b8176c9.png,(14 nh?n xét)
57844450,57127752,Ði?n Tho?i Xiao?i Redmi 9,3090000,-14%,/di?n-tho?i-xiao?i-redmi-9-h?ng-ch?nh-h?ng-p57127752.html?spid=57844450&src=category-page-1789.1795&2hi=0,https://salt.tikicdn.com/cache/280x280/ts/product/7b/d4/27/0e025466a82691de45df61530b7bf217.png,(4 nh?n xét)
39089189,35770986,Ði?n Tho?i Xiao?i Redmi 8A (2GB/32GB),2190000,-37%,/di?n-tho?i-xiao?i-redmi-8a-2gb-32gb-h?ng-ch?nh-h?ng-p35770986.html?spid=39089189&src=category-page-1789.1795&2hi=0,https://salt.tikicdn.com/cache/280x280/ts/product/58/2a/e8/7e3f40983e6b0dfa60aefae3867c4050.jpg,(126 nh?n xét)
45339111,45339109,Ði?n Tho?i Samsung Galaxy A51 (128GB/6GB),7590000,-5%,/di?n-tho?i-samsung-galaxy-a51-128gb-6gb-h?ng-ch?nh-h?ng-p45339109.html?spid=45339111&src=category-page-1789.1795&2hi=0,https://salt.tikicdn.com/cache/280x280/ts/product/9a/da/fd/c806910bc5a12d1c43a2e0932ff10732.jpg,(111 nh?n xét)
54749371,46753117,Ði?n Tho?i Vsmart Active 3,2850000,-37%,/di?n-tho?i-vsmart-active-3-h?ng-ch?nh-h?ng-p46753117.html?spid=54749371&src=category-page-1789.1795&2hi=0,https://salt.tikicdn.com/cache/280x280/ts/product/21/b2/3a/3cf0cf3433d7122448bb1f90bf9b7bb0.png,(397 nh?n xét)
54349525,48524359,Ði?n Tho?i Vsmart Joy 3,1980000,-14%,/di?n-tho?i-vsmart-joy-3-h?ng-ch?nh-h?ng-p48524359.html?spid=54349525&src=category-page-1789.1795&2hi=0,https://salt.tikicdn.com/cache/280x280/ts/product/5a/7b/e1/5acd19c60380413b3e72ac3460da0f62.jpg,(357 nh?n xét)
53793247,53516830,Ði?n Tho?i Samsung Galaxy A11 (32GB/3GB),3220000,-13%,/di?n-tho?i-samsung-galaxy-a11-32gb-3gb-h?ng-ch?nh-h?ng-p53516830.html?spid=53793247&src=category-page-1789.1795&2hi=0,https://salt.tikicdn.com/cache/280x280/ts/product/98/b8/89/c078436f8c04567119078c0e7adfc255.jpg,(46 nh?n xét)
32033719,32033717,Ði?n Tho?i iPh?ne 11 64GB,18990000,-17%,/di?n-tho?i-iph?ne-11-64gb-h?ng-ch?nh-h?ng-p32033717.html?spid=32033719&src=category-page-1789.1795&2hi=0,https://salt.tikicdn.com/cache/280x280/ts/product/84/3d/55/7bb112f36cd07f712d461e386e74e3d5.jpg,(147 nh?n xét)
45695397,45695395,Ði?n Tho?i Samsung Galaxy A51 (128GB/6GB),5999000,-25%,/di?n-tho?i-samsung-galaxy-a51-128gb-6gb-h?ng-ch?nh-h?ng-da-kich-hoat-bao-h?nh-di?n-tu-p45695395.html?spid=45695397&src=category-page-1789.1795&2hi=0,https://salt.tikicdn.com/cache/280x280/ts/product/0c/98/a8/a6a1dc2eec8189746bf75c824a6d64e9.jpg,(164 nh?n xét)
32033732,32033730,Ði?n Tho?i iPh?ne 11 128GB,20490000,-15%,/di?n-tho?i-iph?ne-11-128gb-h?ng-ch?nh-h?ng-p32033730.html?spid=32033732&src=category-page-1789.1795&2hi=0,https://salt.tikicdn.com/cache/280x280/ts/product/0c/62/39/499c08d6ec13cd33b33ee601d9e4251e.jpg,(79 nh?n xét)
16256387,16256385,Ði?n Tho?i Vivo Y15 (4GB / 64GB),2790000,-44%,/di?n-tho?i-vivo-y15-4gb-64gb-h?ng-ch?nh-h?ng-p16256385.html?spid=16256387&src=category-page-1789.1795&2hi=0,https://salt.tikicdn.com/cache/280x280/ts/product/d7/7c/13/f9e94af4553b064963a0dbdbe7c6b39b.jpg,(69 nh?n xét)
58444051,35843180,Ði?n Tho?i Samsung Galaxy A20s,4390000,,/di?n-tho?i-samsung-galaxy-a20s-h?ng-ch?nh-h?ng-p35843180.html?spid=58444051&src=category-page-1789.1795&2hi=0,https://salt.tikicdn.com/cache/280x280/ts/product/67/92/7a/eb626e7ada147c1946427f3fef1d2f69.jpg,(139 nh?n xét)
54353918,51553387,Ði?n THo?i XIAo?i REDMi?nOTE 9S,5090000,-7%,/di?n-tho?i-xiao?i-redmi?note-9s-h?ng-ch?nh-h?ng-p51553387.html?spid=54353918&src=category-page-1789.1795&2hi=0,https://salt.tikicdn.com/cache/280x280/ts/product/a4/79/ce/daae9ce882ca20f2a71910afe46a851b.png,(48 nh?n xét)
32028826,32028822,Ði?n Tho?i iPh?ne 11 Pro Max 64GB,28490000,-16%,/di?n-tho?i-iph?ne-11-pro-max-64gb-h?ng-ch?nh-h?ng-p32028822.html?spid=32028826&src=category-page-1789.1795&2hi=0,https://salt.tikicdn.com/cache/280x280/ts/product/6b/da/72/8a286001708741cbcdedc0cbfe8f0cae.jpg,(127 nh?n xét)
48654410,48654406,Ði?n Tho?i Vsmart Star 3 (2GB/16GB),1590000,-11%,/di?n-tho?i-vsmart-star-3-2gb-16gb-h?ng-ch?nh-h?ng-p48654406.html?spid=48654410&src=category-page-1789.1795&2hi=0,https://salt.tikicdn.com/cache/280x280/ts/product/0f/49/ce/81c19a38474b755156c8431d978f5418.jpg,(113 nh?n xét)
31276834,31276832,Ði?n Tho?i OPPO A9 2020 (128G/8GB),4690000,-41%,/di?n-tho?i-oppo-a9-2020-128g-8gb-h?ng-ch?nh-h?ng-p31276832.html?spid=31276834&src=category-page-1789.1795&2hi=0,https://salt.tikicdn.com/cache/280x280/ts/product/5c/63/67/aad7c2586211ce63030180629e89f743.jpg,(40 nh?n xét)
53970687,39751299,Ði?n tho?i Xiao?i Redmi 8 64GB Ram 4GB,2990000,-17%,/di?n-tho?i-xiao?i-redmi-8-64gb-ram-4gb-h?ng-ch?nh-h?ng-p39751299.html?spid=53970687&src=category-page-1789.1795&2hi=0,https://salt.tikicdn.com/cache/280x280/ts/product/14/71/dc/4eaa1c5b79e21195b85614288eff4ab5.png,(44 nh?n xét)
50066269,50300535,Ði?n Tho?i Samsung Galaxy S20 Plus,15490000,-35%,/di?n-tho?i-samsung-galaxy-s20-plus-h?ng-ch?nh-h?ng-da-kich-hoat-bao-h?nh-di?n-tu-p50300535.html?spid=50066269&src=category-page-1789.1795&2hi=0,https://salt.tikicdn.com/cache/280x280/ts/product/ab/18/e1/de59a5bd4d512de45979147c063eda7b.jpg,(62 nh?n xét)
52717590,52717588,Ði?n Tho?i Samsung Galaxy M11 (32GB/3GB),3190000,-14%,/di?n-tho?i-samsung-galaxy-m11-32gb-3gb-h?ng-ch?nh-h?ng-p52717588.html?spid=52717590&src=category-page-1789.1795&2hi=0,https://salt.tikicdn.com/cache/280x280/ts/product/ac/5e/b1/b95a214b23b83e1446b309823f81d459.jpg,(82 nh?n xét)
52611794,50024767,Ði?n Tho?i Vsmart Bee 3,1240000,-11%,/di?n-tho?i-vsmart-bee-3-h?ng-ch?nh-h?ng-p50024767.html?spid=52611794&src=category-page-1789.1795&2hi=0,https://salt.tikicdn.com/cache/280x280/ts/product/89/d4/d8/59f294826dd2f0233374f24403467e67.jpg,(32 nh?n xét)
52342727,52342723,Ði?n Tho?i  Realme C3i (2GB/32G),2190000,-15%,/di?n-tho?i-realme-c3i-2gb-32g-h?ng-ch?nh-h?ng-p52342723.html?spid=52342727&src=category-page-1789.1795&2hi=0,https://salt.tikicdn.com/cache/280x280/ts/product/eb/f9/40/3238e7605b209e3d075f71fd3614bfd9.jpg,(47 nh?n xét)
49917543,49917539,Ði?n Tho?i Realme C3,2690000,-10%,/di?n-tho?i-realme-c3-h?ng-ch?nh-h?ng-p49917539.html?spid=49917543&src=category-page-1789.1795&2hi=0,https://salt.tikicdn.com/cache/280x280/ts/product/32/79/a9/d7d3e3f4e009f1ee63400a52cac553ff.jpg,(34 nh?n xét)
20913601,20913598,Ði?n Tho?i?no?ia 2.2 (16GB/2GB),1520000,-49%,/di?n-tho?i?no?ia-2-2-16gb-2gb-h?ng-ch?nh-h?ng-p20913598.html?spid=20913601&src=category-page-1789.1795&2hi=0,https://salt.tikicdn.com/cache/280x280/ts/product/1e/9c/2a/58a9527e97bbacb7db00b938010b70c7.jpg,(166 nh?n xét)
53090591,53090589,Ði?n Tho?i iPh?ne  SE 64GB ( 2020),11290000,-13%,/di?n-tho?i-iph?ne-se-64gb-2020-nhap-khau-h?ng-ch?nh-h?ng-p53090589.html?spid=53090591&src=category-page-1789.1795&2hi=0,https://salt.tikicdn.com/cache/280x280/ts/product/16/15/72/7363f6268c34387efc2d4079c537e64e.jpg,(14 nh?n xét)
48307569,48307567,Ði?n Tho?i Samsung Galaxy A01 (16GB/2GB),2790000,,/di?n-tho?i-samsung-galaxy-a01-16gb-2gb-h?ng-ch?nh-h?ng-p48307567.html?spid=48307569&src=category-page-1789.1795&2hi=0,https://salt.tikicdn.com/cache/280x280/ts/product/4d/94/81/431e8b4d197f263a609445dea6e86932.jpg,(69 nh?n xét)
55311236,55138557,Ði?n tho?i Xiao?i Redmi?note 9 Pro,5690000,-12%,/di?n-tho?i-xiao?i-redmi?note-9-pro-h?ng-ch?nh-h?ng-p55138557.html?spid=55311236&src=category-page-1789.1795&2hi=0,https://salt.tikicdn.com/cache/280x280/ts/product/5b/26/71/578c605b9f68f63eceaa1acee2e8481e.png,(13 nh?n xét)
54060192,34478298,Ði?n Tho?i Realme 5 Pro (4GB/128GB),4290000,-32%,/di?n-tho?i-realme-5-pro-4gb-128gb-h?ng-ch?nh-h?ng-p34478298.html?spid=54060192&src=category-page-1789.1795&2hi=0,https://salt.tikicdn.com/cache/280x280/ts/product/71/ed/6b/b0721219f398ed2dba3c13acded8f1d6.jpg,(50 nh?n xét)
24153115,24153113,Ði?n Tho?i Vivo Y12 (64GB/3GB),2590000,-38%,/di?n-tho?i-vivo-y12-64gb-3gb-h?ng-ch?nh-h?ng-p24153113.html?spid=24153115&src=category-page-1789.1795&2hi=0,https://salt.tikicdn.com/cache/280x280/ts/product/61/d0/96/a6f967a3a4101411828cf7e2e49e1731.png,(32 nh?n xét)
55898557,48309215,Ði?n Tho?i Samsung Galaxy A01 (16GB/2GB),1890000,-32%,/di?n-tho?i-samsung-galaxy-a01-16gb-2gb-h?ng-ch?nh-h?ng-da-kich-hoat-bao-h?nh-di?n-tu-p48309215.html?spid=55898557&src=category-page-1789.1795&2hi=0,https://salt.tikicdn.com/cache/280x280/ts/product/5b/d6/a5/c4b9bd7fb598d96e157526e0b4194f00.jpg,(57 nh?n xét)
29882440,29454689,Ði?n Tho?i Samsung Galaxy Note 10 Plus...,15990000,-41%,/di?n-tho?i-samsung-galaxy-note-10-plus-256gb-12gb-h?ng-ch?nh-h?ng-da-kich-hoat-bao-h?nh-di?n-tu-p29454689.html?spid=29882440&src=category-page-1789.1795&2hi=0,https://salt.tikicdn.com/cache/280x280/ts/product/be/3d/f0/3ef177cecc485b9a9132a87858f0595d.jpg,(112 nh?n xét)
57782473,55646154,Ði?n Tho?i Oppo A92 2020 (8GB/128GB),5990000,-14%,/di?n-tho?i-oppo-a92-2020-8gb-128gb-h?ng-ch?nh-h?ng-p55646154.html?spid=57782473&src=category-page-1789.1795&2hi=0,https://salt.tikicdn.com/cache/280x280/ts/product/a3/d9/15/a58e9c2dca556edb0dc73546c3e04959.jpg,(8 nh?n xét)
53772209,52063654,Ði?n Tho?i Samsung Galaxy M21 (64GB/4GB),5090000,-7%,/di?n-tho?i-samsung-galaxy-m21-64gb-4gb-h?ng-ch?nh-h?ng-p52063654.html?spid=53772209&src=category-page-1789.1795&2hi=0,https://salt.tikicdn.com/cache/280x280/ts/product/e9/4d/8c/7f3ca8af28dbf1281892c07f5c34dc25.jpg,(11 nh?n xét)
17878123,17510352,Ði?n Tho?i Oppo A1K,2350000,-26%,/di?n-tho?i-oppo-a1k-h?ng-ch?nh-h?ng-p17510352.html?spid=17878123&src=category-page-1789.1795&2hi=0,https://salt.tikicdn.com/cache/280x280/ts/product/4e/58/a7/2ff49ea4d1557e2a5fc63ef84b9309b9.jpg,(37 nh?n xét)
15674846,15674844,Ði?n Tho?i OPPO A5s,2690000,-33%,/di?n-tho?i-oppo-a5s-h?ng-ch?nh-h?ng-p15674844.html?spid=15674846&src=category-page-1789.1795&2hi=0,https://salt.tikicdn.com/cache/280x280/ts/product/e0/e9/1d/3e0154ad1c4a9605e81b62ef36e1aead.jpg,(73 nh?n xét)
56027840,56027838,Ði?n Tho?i Samsung Galaxy A21s,4190000,-11%,/di?n-tho?i-samsung-galaxy-a21s-h?ng-ch?nh-h?ng-da-kich-hoat-bao-h?nh-di?n-tu-p56027838.html?spid=56027840&src=category-page-1789.1795&2hi=0,https://salt.tikicdn.com/cache/280x280/ts/product/51/86/8c/1120b70e34a5c1789c4cf05175ff7914.jpg,(11 nh?n xét)
57787855,55584843,Ði?n tho?i Xiao?i Redmi?note 9 (3GB/64GB),3690000,-8%,/di?n-tho?i-xiao?i-redmi?note-9-3gb-64gb-h?ng-ch?nh-h?ng-p55584843.html?spid=57787855&src=category-page-1789.1795&2hi=0,https://salt.tikicdn.com/cache/280x280/ts/product/9e/73/b2/996acf29e4ba6c87a948bd40d005c426.png,(12 nh?n xét)
49329242,49329240,Ði?n Tho?i Oppo A31 2020 (4GB/128GB),3490000,-22%,/di?n-tho?i-oppo-a31-2020-4gb-128gb-h?ng-ch?nh-h?ng-p49329240.html?spid=49329242&src=category-page-1789.1795&2hi=0,https://salt.tikicdn.com/cache/280x280/ts/product/19/c3/e3/59dfcb0bdb13a1604e5c53385d795158.jpg,(15 nh?n xét)
56307924,56307922,Ði?n Tho?i?no?ia 5.3 (64GB/3GB),3490000,-13%,/di?n-tho?i?no?ia-5-3-64gb-3gb-h?ng-ch?nh-h?ng-p56307922.html?spid=56307924&src=category-page-1789.1795&2hi=0,https://salt.tikicdn.com/cache/280x280/ts/product/02/20/f0/8b1ca528378774ae85ae4d596d7d9f09.jpg,(21 nh?n xét)
53830730,53826923,Ði?n tho?i Xiao?i Redmi 8 (3GB/32GB),2390000,-11%,/di?n-tho?i-xiao?i-redmi-8-3gb-32gb-h?ng-ch?nh-h?ng-p53826923.html?spid=53830730&src=category-page-1789.1795&2hi=0,https://salt.tikicdn.com/cache/280x280/ts/product/22/e0/40/460467ebc6d00f746df1fb61705dd1f9.jpg,(20 nh?n xét)
54446729,54446719,Ði?n THo?i XIAo?i REDMi?nOTE 9S (NGUYÊN SEAL...,4490000,-18%,/di?n-tho?i-xiao?i-redmi?note-9s-nguyen-seal-global-versi?n-h?ng-nhap-khau-co-san-ti?ng-viet-kh?ng-can-cai-dat-p54446719.html?spid=54446729&src=category-page-1789.1795&2hi=0,https://salt.tikicdn.com/cache/280x280/ts/product/58/24/71/17948a1af4a72b22b08108faac665456.png,(6 nh?n xét)
53727819,10761518,Ði?n Tho?i Mobell S41,639000,-54%,/di?n-tho?i-mobell-s41-h?ng-ch?nh-h?ng-p10761518.html?spid=53727819&src=category-page-1789.1795&2hi=0,https://salt.tikicdn.com/cache/280x280/ts/product/74/65/5b/6c7559ca0f4fc7165db3c6eae226ecf7.jpg,(13 nh?n xét)
51050816,47475798,Ði?n Tho?i Samsung Galaxy A71 (128GB/8GB),8975000,-14%,/di?n-tho?i-samsung-galaxy-a71-128gb-8gb-h?ng-ch?nh-h?ng-da-kich-hoat-bao-h?nh-di?n-tu-p47475798.html?spid=51050816&src=category-page-1789.1795&2hi=0,https://salt.tikicdn.com/cache/280x280/ts/product/94/2f/ae/8308cecfebc32911b38f333d372dadb5.jpg,(13 nh?n xét)
32033389,32033383,Ði?n Tho?i iPh?ne 11 Pro Max 256GB,32990000,-13%,/di?n-tho?i-iph?ne-11-pro-max-256gb-h?ng-ch?nh-h?ng-p32033383.html?spid=32033389&src=category-page-1789.1795&2hi=0,https://salt.tikicdn.com/cache/280x280/ts/product/5d/3c/d8/62b3e73d288a2c0c73aff58ff414401f.jpg,(58 nh?n xét)
53991023,33911924,Ði?n Tho?i iPh?ne 11 Pro Max 256GB,28799000,-30%,/di?n-tho?i-iph?ne-11-pro-max-256gb-h?ng-nhap-khau-p33911924.html?spid=53991023&src=category-page-1789.1795&2hi=0,https://salt.tikicdn.com/cache/280x280/ts/product/86/db/bc/ba55876127bea308f1ebe65da71caa82.png,(7 nh?n xét)
54023235,54023229,Ði?n Tho?i OPPO RENO 3 (8GB/128GB),6790000,-24%,/di?n-tho?i-oppo-reno-3-8gb-128gb-h?ng-ch?nh-h?ng-p54023229.html?spid=54023235&src=category-page-1789.1795&2hi=0,https://salt.tikicdn.com/cache/280x280/ts/product/20/3c/0d/4443a473a56a1574050914227f5faa2f.jpg,(12 nh?n xét)
54159847,36196166,Ði?n Tho?i Realme 5 (4GB/128GB),3490000,-30%,/di?n-tho?i-realme-5-4gb-128gb-h?ng-ch?nh-h?ng-p36196166.html?spid=54159847&src=category-page-1789.1795&2hi=0,https://salt.tikicdn.com/cache/280x280/ts/product/bb/c4/e2/420bdc22858e5b17d3c8ff9e62176e80.jpg,(11 nh?n xét)
35043488,36700352,Ði?n Tho?i iPh?ne 8 Plus 128GB,13990000,-26%,/di?n-tho?i-iph?ne-8-plus-h?ng-ch?nh-h?ng-vn-a-p36700352.html?spid=35043488&src=category-page-1789.1795&2hi=0,https://salt.tikicdn.com/cache/280x280/ts/product/b0/39/73/aa015ff37be75f60a07439ddd47310ac.jpg,(60 nh?n xét)
57053248,15363972,Ði?n Tho?i Itel S13 Pro,1090000,-42%,/di?n-tho?i-itel-s13-pro-h?ng-ch?nh-h?ng-p15363972.html?spid=57053248&src=category-page-1789.1795&2hi=0,https://salt.tikicdn.com/cache/280x280/ts/product/4a/e9/bc/712b8814b6c3931df70f29761eb73e19.jpg,(5 nh?n xét)
53991351,34016501,Ði?n Tho?i iPh?ne 11 64GB,17599000,-23%,/di?n-tho?i-iph?ne-11-64gb-h?ng-nhap-khau-p34016501.html?spid=53991351&src=category-page-1789.1795&2hi=0,https://salt.tikicdn.com/cache/280x280/ts/product/9a/b5/a9/685dcf8857f487cd8632bccf7b8176c9.png,(14 nh?n xét)
57844450,57127752,Ði?n Tho?i Xiao?i Redmi 9,3090000,-14%,/di?n-tho?i-xiao?i-redmi-9-h?ng-ch?nh-h?ng-p57127752.html?spid=57844450&src=category-page-1789.1795&2hi=0,https://salt.tikicdn.com/cache/280x280/ts/product/7b/d4/27/0e025466a82691de45df61530b7bf217.png,(4 nh?n xét)
57809868,57809866,Ði?n tho?i Xiao?i Redmi 9A (2GB/32GB),1890000,-5%,/di?n-tho?i-xiao?i-redmi-9a-2gb-32gb-h?ng-ch?nh-h?ng-p57809866.html?spid=57809868&src=category-page-1789.1795&2hi=0,https://salt.tikicdn.com/cache/280x280/ts/product/0c/cd/34/0b6abf38aaba0a3507c7c2610a15dc9f.jpg,(3 nh?n xét)
32243660,32243658,Ði?n Tho?i Samsung Galaxy A50s (64GB/4GB),4759000,-39%,/di?n-tho?i-samsung-galaxy-a50s-64gb-4gb-h?ng-ch?nh-h?ng-da-kich-hoat-bao-h?nh-di?n-tu-p32243658.html?spid=32243660&src=category-page-1789.1795&2hi=0,https://salt.tikicdn.com/cache/280x280/ts/product/15/b3/2e/93b3915aa2d060d1f548a85a70e37612.jpg,(114 nh?n xét)
38210101,38210099,Ði?n Tho?i iPh?ne 6s Plus 32GB,6990000,-13%,/di?n-tho?i-iph?ne-6s-plus-32gb-h?ng-nhap-khau-ch?nh-h?ng-p38210099.html?spid=38210101&src=category-page-1789.1795&2hi=0,https://salt.tikicdn.com/cache/280x280/ts/product/b5/e4/10/304771ed2e80aafaa3711e1170fb1861.jpg,(11 nh?n xét)
12206828,12206824,Ði?n Tho?i Samsung Galaxy S10 Plus...,13990000,-39%,/di?n-tho?i-samsung-galaxy-s10-plus-128gb-8gb-h?ng-ch?nh-h?ng-da-kich-hoat-bao-h?nh-di?n-tu-p12206824.html?spid=12206828&src=category-page-1789.1795&2hi=0,https://salt.tikicdn.com/cache/280x280/ts/product/0a/69/19/060b0d6207b6d3f96cb90c2d43709d19.jpg,(103 nh?n xét)
918878,917986,Ði?n Tho?i iPh?ne X 256GB,15899000,-54%,/di?n-tho?i-iph?ne-x-256gb-h?ng-nhap-khau-p917986.html?spid=918878&src=category-page-1789.1795&2hi=0,https://salt.tikicdn.com/cache/280x280/ts/product/90/6f/10/61e10c5b20b7631dee5a2bf373751884.jpg,(4 nh?n xét)
48611781,48611779,Ði?n Tho?i Realme 5i,2990000,-19%,/di?n-tho?i-realme-5i-h?ng-ch?nh-h?ng-p48611779.html?spid=48611781&src=category-page-1789.1795&2hi=0,https://salt.tikicdn.com/cache/280x280/ts/product/73/1a/cc/367b0ec9bb85c86fce93d0f1520ba158.jpg,(11 nh?n xét)
55994647,14470707,Ði?n Tho?i Vivo Y91C,2090000,-30%,/di?n-tho?i-vivo-y91c-h?ng-ch?nh-h?ng-p14470707.html?spid=55994647&src=category-page-1789.1795&2hi=0,https://salt.tikicdn.com/cache/280x280/ts/product/7d/b4/bb/e0af64c42a91e6e7f51dfe13ae795694.jpg,(64 nh?n xét)
47510588,48886497,Ði?n Tho?i Samsung Galaxy S20 Ultra,28490000,-5%,/di?n-tho?i-samsung-galaxy-s20-ultra-h?ng-ch?nh-h?ng-p48886497.html?spid=47510588&src=category-page-1789.1795&2hi=0,https://salt.tikicdn.com/cache/280x280/ts/product/f7/26/32/81c7b673ecd715972068252dd9b5befb.jpg,(6 nh?n xét)
49516813,48886151,Ði?n Tho?i Samsung Galaxy S20,17990000,-16%,/di?n-tho?i-samsung-galaxy-s20-h?ng-ch?nh-h?ng-p48886151.html?spid=49516813&src=category-page-1789.1795&2hi=0,https://salt.tikicdn.com/cache/280x280/ts/product/86/67/e8/cd84a14503c2c0fa84301ca81e11383d.jpg,(9 nh?n xét)
55248508,55248506,Ði?n tho?i Xiao?i Redmi?note 9 (4GB/128GB),4290000,-14%,/di?n-tho?i-xiao?i-redmi?note-9-4gb-128gb-h?ng-ch?nh-h?ng-p55248506.html?spid=55248508&src=category-page-1789.1795&2hi=0,https://salt.tikicdn.com/cache/280x280/ts/product/c5/0e/a9/eafc43438146a0aa4b5d4c40e719324e.jpg,(2 nh?n xét)
15663700,15663039,Ði?n Tho?i?no?ia 3.2 (3GB/32GB),2490000,-38%,/di?n-tho?i?no?ia-3-2-3gb-32gb-h?ng-ch?nh-h?ng-p15663039.html?spid=15663700&src=category-page-1789.1795&2hi=0,https://salt.tikicdn.com/cache/280x280/ts/product/d6/6d/e5/d1e3294a792ecae0eab403f39ea317b0.jpg,(21 nh?n xét)
4538881,4538877,Ði?n Tho?i iPh?ne XS 64GB,17990000,-28%,/di?n-tho?i-iph?ne-xs-64gb-h?ng-nhap-khau-ch?nh-h?ng-p4538877.html?spid=4538881&src=category-page-1789.1795&2hi=0,https://salt.tikicdn.com/cache/280x280/ts/product/15/c2/17/9f3506c9cf797eee3935d224b37aa4ef.jpg,(45 nh?n xét)
58461438,54609695,Ði?n tho?i Xiao?i Mi?note 10 Lite,8990000,,/di?n-tho?i-xiao?i-mi?note-10-lite-h?ng-ch?nh-h?ng-p54609695.html?spid=58461438&src=category-page-1789.1795&2hi=0,https://salt.tikicdn.com/cache/280x280/ts/product/a2/4e/eb/01b79365e2eaae8f0a9b1c91e8b422dd.png,(2 nh?n xét)
35729878,35729872,Ði?n Tho?i OPPO Reno 2F,6390000,-29%,/di?n-tho?i-oppo-reno-2f-h?ng-ch?nh-h?ng-p35729872.html?spid=35729878&src=category-page-1789.1795&2hi=0,https://salt.tikicdn.com/cache/280x280/ts/product/49/36/42/d07b90a4ed682151c7fa976ea13fb33a.jpg,(23 nh?n xét)
7503475,14917752,Ði?n Tho?i iPh?ne XS Max 64GB,17499000,-49%,/di?n-tho?i-iph?ne-xs-max-64gb-h?ng-nhap-khau-p14917752.html?spid=7503475&src=category-page-1789.1795&2hi=0,https://salt.tikicdn.com/cache/280x280/ts/product/51/1f/49/fd5512214e0eac9b1a057409657f2404.jpg,(13 nh?n xét)
44241662,44241660,Ði?n Tho?i?no?ia 2.3 (32GB/2GB),2190000,-15%,/di?n-tho?i?no?ia-2-3-32gb-2gb-h?ng-ch?nh-h?ng-p44241660.html?spid=44241662&src=category-page-1789.1795&2hi=0,https://salt.tikicdn.com/cache/280x280/ts/product/70/bc/f8/1a4dd9135851c9b0224478d9a3b52c67.jpg,(24 nh?n xét)
40854699,9984235,Ði?n tho?i Smartph?ne Masstel X6,1290000,-32%,/di?n-tho?i-smartph?ne-masstel-x6-h?ng-ch?nh-h?ng-p9984235.html?spid=40854699&src=category-page-1789.1795&2hi=0,https://salt.tikicdn.com/cache/280x280/ts/product/fc/c3/54/b2913ba3448ebb24aad1189ccaeea2b9.jpg,(16 nh?n xét)
25918807,25918805,Ði?n Tho?i Samsung Galaxy A10s (32GB/2GB),2650000,-28%,/di?n-tho?i-samsung-galaxy-a10s-32gb-2gb-h?ng-ch?nh-h?ng-p25918805.html?spid=25918807&src=category-page-1789.1795&2hi=0,https://salt.tikicdn.com/cache/280x280/ts/product/42/78/f1/a48bad4693c5b0bbd38b5b395efd2417.jpg,(54 nh?n xét)
47514317,48886153,Ði?n Tho?i Samsung Galaxy S20 Plus,22590000,-6%,/di?n-tho?i-samsung-galaxy-s20-plus-h?ng-ch?nh-h?ng-p48886153.html?spid=47514317&src=category-page-1789.1795&2hi=0,https://salt.tikicdn.com/cache/280x280/ts/product/74/31/d4/ef6c56084ae897dbb911cfe2e6cf1ed7.jpg,(10 nh?n xét)
53991107,33928555,Ði?n Tho?i iPh?ne 11 Pro Max 64GB,26399000,-31%,/di?n-tho?i-iph?ne-11-pro-max-64gb-h?ng-nhap-khau-p33928555.html?spid=53991107&src=category-page-1789.1795&2hi=0,https://salt.tikicdn.com/cache/280x280/ts/product/09/75/89/539dab36b70ad85bffc66a9dee6b8dee.png,(4 nh?n xét)
49270533,33815238,Ði?n Tho?i iPh?ne 11 Pro 64GB,23799000,-28%,/di?n-tho?i-iph?ne-11-pro-64gb-h?ng-nhap-khau-p33815238.html?spid=49270533&src=category-page-1789.1795&2hi=0,https://salt.tikicdn.com/cache/280x280/ts/product/09/62/7f/6782317e4a575bc6f94501a997191d38.png,(1 nh?n xét)
53827216,53827214,Ði?n Tho?i Oppo A12 (3GB/32GB),2490000,-29%,/di?n-tho?i-oppo-a12-3gb-32gb-h?ng-ch?nh-h?ng-xanh-duong-p53827214.html?spid=53827216&src=category-page-1789.1795&2hi=0,https://salt.tikicdn.com/cache/280x280/ts/product/6a/f6/38/7e8633ce182e768b1c5919979230b1f9.jpg,(3 nh?n xét)
57606355,54913203,Ði?n Tho?i Samsung Galaxy A11 (32GB/3GB),2850000,-23%,/di?n-tho?i-samsung-galaxy-a11-32gb-3gb-h?ng-ch?nh-h?ng-da-kich-hoat-bao-h?nh-di?n-tu-p54913203.html?spid=57606355&src=category-page-1789.1795&2hi=0,https://salt.tikicdn.com/cache/280x280/ts/product/de/4a/40/419d53930d761156d7826b99f14518fe.jpg,(4 nh?n xét)
34478317,34478313,Ði?n Tho?i Oppo A5 ( 4GB/128GB),3950000,-28%,/di?n-tho?i-oppo-a5-4gb-128gb-h?ng-ch?nh-h?ng-p34478313.html?spid=34478317&src=category-page-1789.1795&2hi=0,https://salt.tikicdn.com/cache/280x280/ts/product/fb/d8/59/4734a2d9f937b12de37a453da1b6c74d.jpg,(14 nh?n xét)
54711315,54711313,Ði?n Tho?i Samsung Galaxy A31 (128GB/6GB),4990000,-23%,/di?n-tho?i-samsung-galaxy-a31-128gb-6gb-h?ng-ch?nh-h?ng-da-kich-hoat-bao-h?nh-di?n-tu-p54711313.html?spid=54711315&src=category-page-1789.1795&2hi=0,https://salt.tikicdn.com/cache/280x280/ts/product/d4/a3/d5/111941d63aaffd468854f4b166ca89b9.jpg,(5 nh?n xét)
53142450,53135819,Ði?n Tho?i iPh?ne SE 128G ( 2020),12790000,-15%,/di?n-tho?i-iph?ne-se-128g-2020-h?ng-ch?nh-h?ng-p53135819.html?spid=53142450&src=category-page-1789.1795&2hi=0,https://salt.tikicdn.com/cache/280x280/ts/product/4f/67/b2/fa74f50daf52b938d511792d1448499b.jpg,(3 nh?n xét)
712589,599716,Apple iPh?ne 7 32GB,15000000,-6%,/apple-iph?ne-7-32gb-h?ng-nhap-khau-p599716.html?spid=712589&src=category-page-1789.1795&2hi=0,https://salt.tikicdn.com/cache/280x280/ts/product/1b/29/07/c5ae7094c9e669eae496d10e4c9b1bbb.jpg,(16 nh?n xét)
52153046,37694867,Ði?n tho?i Vivo Y11,2599000,-13%,/di?n-tho?i-vivo-y11-h?ng-ch?nh-h?ng-p37694867.html?spid=52153046&src=category-page-1789.1795&2hi=0,https://salt.tikicdn.com/cache/280x280/ts/product/45/ab/eb/0f004c7c236b9a01d080351cd1ed827a.jpg,(55 nh?n xét)
48221483,32453719,Ði?n Tho?i Vsmart Joy 2+ (h?ng Ch?nh h?ng),2790000,-24%,/di?n-tho?i-vsmart-joy-2-h?ng-ch?nh-h?ng-p32453719.html?spid=48221483&src=category-page-1789.1795&2hi=0,https://salt.tikicdn.com/cache/280x280/ts/product/33/46/d7/edc8f0c64bf212316769979461ba630f.jpg,(506 nh?n xét)
50304592,50304588,Ði?n Tho?i Samsung Galaxy S20 Ultra,23590000,-21%,/di?n-tho?i-samsung-galaxy-s20-ultra-da-kich-hoat-bao-h?nh-di?n-tu-p50304588.html?spid=50304592&src=category-page-1789.1795&2hi=0,https://salt.tikicdn.com/cache/280x280/ts/product/f7/26/32/0f926b24859bac649eef74558b0e376e.jpg,(3 nh?n xét)
53097936,53097934,Ði?n Tho?i?no?ia  C2,1350000,-20%,/di?n-tho?i?no?ia-c2-h?ng-ch?nh-h?ng-p53097934.html?spid=53097936&src=category-page-1789.1795&2hi=0,https://salt.tikicdn.com/cache/280x280/ts/product/60/6b/41/cb2a53603eb28ec0473d9fd2c2050b94.jpg,(7 nh?n xét)
53406597,53398913,Ði?n Tho?i iPh?ne 6s Plus 128GB,7990000,-11%,/di?n-tho?i-iph?ne-6s-plus-128gb-h?ng-nhap-khau-ch?nh-h?ng-p53398913.html?spid=53406597&src=category-page-1789.1795&2hi=0,https://salt.tikicdn.com/cache/280x280/ts/product/c7/ee/ee/628d65069cce3b8ce9f5da6a80074786.jpg,(7 nh?n xét)
36440578,35964172,Ði?n Tho?i Xiao?i Redmi?note 8 Pro...,4990000,-44%,/di?n-tho?i-xiao?i-redmi?note-8-pro-6gb-64gb-h?ng-ch?nh-h?ng-p35964172.html?spid=36440578&src=category-page-1789.1795&2hi=0,https://salt.tikicdn.com/cache/280x280/ts/product/04/bd/bd/d34331366bc19834530583bf97fe7123.jpg,(3 nh?n xét)
52341156,52341154,Ði?n Tho?i  Realme 6 ( 4GB/128GB),5490000,-8%,/di?n-tho?i-realme-6-4gb-128gb-h?ng-ch?nh-h?ng-p52341154.html?spid=52341156&src=category-page-1789.1795&2hi=0,https://salt.tikicdn.com/cache/280x280/ts/product/ad/f7/42/d8e87e3ed9f432e0e1ad528860cbc70c.jpg,(2 nh?n xét)
13292625,13292623,Ði?n Tho?i Realme 3,2790000,-35%,/di?n-tho?i-realme-3-h?ng-ch?nh-h?ng-p13292623.html?spid=13292625&src=category-page-1789.1795&2hi=0,https://salt.tikicdn.com/cache/280x280/ts/product/49/50/1b/1e9406f9b4bda6e261062025cdda17d0.jpg,(22 nh?n xét)
918814,916706,Ði?n Tho?i iPh?ne 8 64GB,19000000,-5%,/di?n-tho?i-iph?ne-8-64gb-h?ng-nhap-khau-p916706.html?spid=918814&src=category-page-1789.1795&2hi=0,https://salt.tikicdn.com/cache/280x280/media/catalog/product/1/_/1.u4939.d20170918.t063904.533685.jpg,(4 nh?n xét)
22356228,22356225,Ði?n Tho?i Samsung Galaxy Note 10...,21590000,-6%,/di?n-tho?i-samsung-galaxy-note-10-256gb-8gb-h?ng-ch?nh-h?ng-p22356225.html?spid=22356228&src=category-page-1789.1795&2hi=0,https://salt.tikicdn.com/cache/280x280/ts/product/ff/1b/cc/7bfc520143393ade5c76480b679f3868.jpg,(35 nh?n xét)
24182393,22358908,Ði?n Tho?i Samsung Galaxy Note 10 Plus...,25450000,-6%,/di?n-tho?i-samsung-galaxy-note-10-plus-256gb-12gb-h?ng-ch?nh-h?ng-p22358908.html?spid=24182393&src=category-page-1789.1795&2hi=0,https://salt.tikicdn.com/cache/280x280/ts/product/be/3d/f0/8cf68986781b515046e4bfd4ec00159e.jpg,(62 nh?n xét)
4540179,4538661,Ði?n Tho?i iPh?ne XS Max 64GB,18990000,-30%,/di?n-tho?i-iph?ne-xs-max-64gb-nhap-khau-ch?nh-h?ng-p4538661.html?spid=4540179&src=category-page-1789.1795&2hi=0,https://salt.tikicdn.com/cache/280x280/ts/product/4d/42/b9/63bc496eae758b107b36c07fed4655aa.jpg,(40 nh?n xét)
29931449,29931445,"Ulefone Armor X ( ch?ng nu?c,ch?ng va d?p...",2990000,-25%,/ulefone-armor-x-ch?ng-nuoc-ch?ng-va-dap-pin-5-500mah-h?ng-ch?nh-h?ng-p29931445.html?spid=29931449&src=category-page-1789.1795&2hi=0,https://salt.tikicdn.com/cache/280x280/ts/product/39/27/ce/6f7748ef115f91e3664d413aed62cba1.jpg,(6 nh?n xét)
35729883,35729879,Ði?n Tho?i OPPO Reno 2,9490000,-37%,/di?n-tho?i-oppo-reno-2-h?ng-ch?nh-h?ng-p35729879.html?spid=35729883&src=category-page-1789.1795&2hi=0,https://salt.tikicdn.com/cache/280x280/ts/product/5d/2f/9f/9692e8e16c21f9c4ad044355c7bf5e56.jpg,(2 nh?n xét)
53453725,10689868,Ði?n Tho?i Di Ð?ng Blackberry Evolve,4390000,-45%,/di?n-tho?i-di-dong-blackberry-evolve-h?ng-ch?nh-h?ng-p10689868.html?spid=53453725&src=category-page-1789.1795&2hi=0,https://salt.tikicdn.com/cache/280x280/ts/product/ff/87/f4/af1e5176f7bd2f154481831dc3d0cf72.jpg,(17 nh?n xét)
48653993,48653991,Ði?n Tho?i Realme 5s (4GB/128GB),3750000,-25%,/di?n-tho?i-realme-5s-4gb-128gb-h?ng-ch?nh-h?ng-p48653991.html?spid=48653993&src=category-page-1789.1795&2hi=0,https://salt.tikicdn.com/cache/280x280/ts/product/37/72/e8/235a6a7568b7c49c127e484642ef39df.jpg,(6 nh?n xét)
47475770,47475765,Ði?n Tho?i Samsung Galaxy A71 (128GB/8GB),9890000,-6%,/di?n-tho?i-samsung-galaxy-a71-128gb-8gb-h?ng-ch?nh-h?ng-p47475765.html?spid=47475770&src=category-page-1789.1795&2hi=0,https://salt.tikicdn.com/cache/280x280/ts/product/8b/05/5c/3d407c58a69cc71ccc9f8735dad1b86e.jpg,(11 nh?n xét)
17878120,17510219,Ði?n Tho?i Oppo Reno 10x Zoom Editi?n,10990000,-45%,/di?n-tho?i-oppo-reno-10x-zoom-editi?n-h?ng-ch?nh-h?ng-p17510219.html?spid=17878120&src=category-page-1789.1795&2hi=0,https://salt.tikicdn.com/cache/280x280/ts/product/eb/22/95/7a2785a056c10e1dcad2e3aa9126dbe7.jpg,(1 nh?n xét)
39312520,29418235,Ði?n Tho?i Samsung Galaxy Note 10...,14995000,-35%,/di?n-tho?i-samsung-galaxy-note-10-256gb-8gb-h?ng-ch?nh-h?ng-da-kich-hoat-bao-h?nh-di?n-tu-p29418235.html?spid=39312520&src=category-page-1789.1795&2hi=0,https://salt.tikicdn.com/cache/280x280/ts/product/fa/ae/22/0cd335956743a0ed383af16d3c9f3fe3.jpg,(37 nh?n xét)
53991217,33996665,Ði?n Tho?i iPh?ne 11 128GB,18799000,-25%,/di?n-tho?i-iph?ne-11-128gb-h?ng-nhap-khau-p33996665.html?spid=53991217&src=category-page-1789.1795&2hi=0,https://salt.tikicdn.com/cache/280x280/ts/product/5e/e4/b6/bdefd92f153e7f89d1af0e9a5b25d97a.png,(5 nh?n xét)
4540137,4539483,Ði?n Tho?i iPh?ne XS Max 256GB,23990000,-23%,/di?n-tho?i-iph?ne-xs-max-256gb-nhap-khau-ch?nh-h?ng-p4539483.html?spid=4540137&src=category-page-1789.1795&2hi=0,https://salt.tikicdn.com/cache/280x280/ts/product/32/b2/d6/91eb335efb59729acadc3bfe260c584b.jpg,(32 nh?n xét)
50066825,50066823,Ði?n Tho?i Samsung Galaxy S20,13690000,-36%,/di?n-tho?i-samsung-galaxy-s20-h?ng-ch?nh-h?ng-da-kich-hoat-p50066823.html?spid=50066825&src=category-page-1789.1795&2hi=0,https://salt.tikicdn.com/cache/280x280/ts/product/43/c0/fb/7cb965009c1311d45507d8e1553cd98b.jpg,(3 nh?n xét)
58271210,14500261,Ði?n Tho?i Mobell S47,679000,-64%,/di?n-tho?i-mobell-s47-h?ng-ch?nh-h?ng-p14500261.html?spid=58271210&src=category-page-1789.1795&2hi=0,https://salt.tikicdn.com/cache/280x280/ts/product/de/ba/b9/7ad5c4cfac9da2def78781bd0fb67b32.jpg,(1 nh?n xét)
53514082,53514080,Ði?n Tho?i iPh?ne SE 64GB ( 2020),10549000,-19%,/di?n-tho?i-iph?ne-se-64gb-2020-h?ng-nhap-khau-p53514080.html?spid=53514082&src=category-page-1789.1795&2hi=0,https://salt.tikicdn.com/cache/280x280/ts/product/3f/d8/da/de6d50aec5f8828eb1d421cb7cce1e35.PNG,(1 nh?n xét)
56434972,56025835,Ði?n Tho?i Samsung Galaxy A21s,4090000,-13%,/di?n-tho?i-samsung-galaxy-a21s-h?ng-ch?nh-h?ng-p56025835.html?spid=56434972&src=category-page-1789.1795&2hi=0,https://salt.tikicdn.com/cache/280x280/ts/product/51/86/8c/91a7fac99834e02a711ddd58edd20f5b.jpg,Chua có nh?n xét
6714347,6714339,Ði?n tho?i Wiko View Max (3GB/32GB),1990000,-34%,/di?n-tho?i-wiko-view-max-3gb-32gb-h?ng-ch?nh-h?ng-p6714339.html?spid=6714347&src=category-page-1789.1795&2hi=0,https://salt.tikicdn.com/cache/280x280/ts/product/83/d9/5f/e3845212046e2ebb641cfd17e3adba18.png,(60 nh?n xét)
32036157,32021887,Ði?n Tho?i iPh?ne 11 Pro 64GB,26490000,-20%,/di?n-tho?i-iph?ne-11-pro-64gb-h?ng-nhap-khau-ch?nh-h?ng-p32021887.html?spid=32036157&src=category-page-1789.1795&2hi=0,https://salt.tikicdn.com/cache/280x280/ts/product/3b/a0/1d/709417e65ec63ad0383c603dae2cea3d.jpg,(2 nh?n xét)
58863536,7037139,Ði?n tho?i Itel S13 Pro,1790000,-18%,/di?n-tho?i-itel-s13-pro-h?ng-ch?nh-h?ng-p7037139.html?spid=58863536&src=category-page-1789.1795&2hi=0,https://salt.tikicdn.com/cache/280x280/ts/product/ad/4f/89/b895c2fba0cce444bc11cc5054214524.jpg,(2 nh?n xét)
52342730,52342728,Ði?n Tho?i  Realme 6 PRO (8GB/128G),7290000,-9%,/di?n-tho?i-realme-6-pro-8gb-128g-h?ng-ch?nh-h?ng-p52342728.html?spid=52342730&src=category-page-1789.1795&2hi=0,https://salt.tikicdn.com/cache/280x280/ts/product/1d/53/fd/b5bae20f7923f70f73628459114f4520.jpg,(4 nh?n xét)
52341141,52341139,Ði?n Tho?i  Realme 6 ( 8GB/128GB),6490000,-7%,/di?n-tho?i-realme-6-8gb-128gb-h?ng-ch?nh-h?ng-p52341139.html?spid=52341141&src=category-page-1789.1795&2hi=0,https://salt.tikicdn.com/cache/280x280/ts/product/7a/c3/58/a1689b67eeebbc4f7d0c68c5c205d6b6.jpg,(5 nh?n xét)
23258090,23258088,"Máy Tính B?ng Samsung Galaxy Tab A8 8"" T295...",3050000,-17%,/may-tinh-bang-samsung-galaxy-tab-a8-8-t295-2019-da-kich-hoat-bao-h?nh-h?ng-ch?nh-h?ng-p23258088.html?spid=23258090&src=category-page-1789.1795&2hi=0,https://salt.tikicdn.com/cache/280x280/ts/product/05/f4/a0/44825255380141f1f27c8064e75f4820.jpg,(4 nh?n xét)
52400153,52400151,Ði?n Tho?i Oppo A31 2020 (6GB/128GB),4090000,-23%,/di?n-tho?i-oppo-a31-2020-6gb-128gb-h?ng-ch?nh-h?ng-p52400151.html?spid=52400153&src=category-page-1789.1795&2hi=0,https://salt.tikicdn.com/cache/280x280/ts/product/93/86/a9/75672db1dc8734f098ebd5a3e41ce0be.jpg,(3 nh?n xét)
48653978,48653976,Ði?n Tho?i Realme XT (8GB/128GB),5490000,-31%,/di?n-tho?i-realme-xt-8gb-128gb-h?ng-ch?nh-h?ng-p48653976.html?spid=48653978&src=category-page-1789.1795&2hi=0,https://salt.tikicdn.com/cache/280x280/ts/product/16/93/82/472130aa2dd9699c87c85f8c7ee894b8.jpg,(3 nh?n xét)
54058789,54058645,Ði?n Tho?i Realme 6I (4GB/128G),4490000,-10%,/di?n-tho?i-realme-6i-4gb-128g-h?ng-ch?nh-h?ng-p54058645.html?spid=54058789&src=category-page-1789.1795&2hi=0,https://salt.tikicdn.com/cache/280x280/ts/product/c9/76/b6/ffe1ddcf5d147a8f36d1e1900c862d68.jpg,(6 nh?n xét)
47271147,40744962,Ði?n Tho?i Masstel Happy 10,990000,-48%,/di?n-tho?i-masstel-happy-10-h?ng-ch?nh-h?ng-p40744962.html?spid=47271147&src=category-page-1789.1795&2hi=0,https://salt.tikicdn.com/cache/280x280/ts/product/3d/8e/58/045622233cda9845a6ba8c3cefedfd42.jpg,(3 nh?n xét)
34259311,29396058,Ði?n Tho?i Samsung Galaxy A10s (32GB/2GB),2750000,-25%,/di?n-tho?i-samsung-galaxy-a10s-32gb-2gb-h?ng-ch?nh-h?ng-da-kich-hoat-bao-h?nh-di?n-tu-p29396058.html?spid=34259311&src=category-page-1789.1795&2hi=0,https://salt.tikicdn.com/cache/280x280/ts/product/42/78/f1/d55d71e71fc7d775789f40c788c7744e.jpg,(42 nh?n xét)
42413088,33802447,Ði?n Tho?i iPh?ne 11 Pro 256GB,27999000,-24%,/di?n-tho?i-iph?ne-11-pro-256gb-h?ng-nhap-khau-p33802447.html?spid=42413088&src=category-page-1789.1795&2hi=0,https://salt.tikicdn.com/cache/280x280/ts/product/01/25/52/a8c0c404f14427c85dcceaa1c3219318.png,(4 nh?n xét)
54887590,54700224,Ði?n Tho?i Samsung Galaxy A31 (128GB/6GB),5290000,-18%,/di?n-tho?i-samsung-galaxy-a31-128gb-6gb-h?ng-ch?nh-h?ng-p54700224.html?spid=54887590&src=category-page-1789.1795&2hi=0,https://salt.tikicdn.com/cache/280x280/ts/product/d4/a3/d5/58f3f8de4d2c12008915447874f99551.jpg,(2 nh?n xét)
17878118,17510512,Ði?n Tho?i Oppo Reno,7690000,-41%,/di?n-tho?i-oppo-reno-h?ng-ch?nh-h?ng-p17510512.html?spid=17878118&src=category-page-1789.1795&2hi=0,https://salt.tikicdn.com/cache/280x280/ts/product/d0/27/5c/15baf330ea4ef7f5cf5eaf79325833dc.jpg,(3 nh?n xét)
55518614,55518608,Ði?n Tho?i Smartph?ne DXD 20Pro h?ng Ch?nh...,1090000,-22%,/di?n-tho?i-smartph?ne-dxd-20pro-h?ng-ch?nh-h?ng-p55518608.html?spid=55518614&src=category-page-1789.1795&2hi=0,https://salt.tikicdn.com/cache/280x280/ts/product/c8/66/8e/1a529bbb3a75378b4da6c098e4245ae1.jpg,(1 nh?n xét)
52729064,52729063,Ði?n tho?i Black shark 3 (8GB/128GB),11500000,-14%,/di?n-tho?i-black-shark-3-8gb-128gb-h?ng-nhap-khau-p52729063.html?spid=52729064&src=category-page-1789.1795&2hi=0,https://salt.tikicdn.com/cache/280x280/ts/product/eb/c4/a3/d11afe0ffcb56ee10bf5a3e83b207ff1.png,Chua có nh?n xét
6024117,14763849,Ði?n Tho?i iPh?ne XS Max 256GB,19799000,-48%,/di?n-tho?i-iph?ne-xs-max-256gb-h?ng-nhap-khau-p14763849.html?spid=6024117&src=category-page-1789.1795&2hi=0,https://salt.tikicdn.com/cache/280x280/ts/product/97/7d/7d/4cda8bebe2d4923f87dfebde333ca6ce.jpg,(12 nh?n xét)
39658609,39658607,Ði?n Tho?i Wiko View 3 Lite (2GB/32GB),2190000,-12%,/di?n-tho?i-wiko-view-3-lite-h?ng-ch?nh-h?ng-p39658607.html?spid=39658609&src=category-page-1789.1795&2hi=0,https://salt.tikicdn.com/cache/280x280/ts/product/a5/66/24/dc0ad2ee97b8c3c4ffb100a28a4037f7.jpg,(11 nh?n xét)
44979831,35965073,Ði?n Tho?i Xiao?i Redmi?note 8 Pro...,5790000,-42%,/di?n-tho?i-xiao?i-redmi?note-8-pro-6gb-128gb-h?ng-ch?nh-h?ng-p35965073.html?spid=44979831&src=category-page-1789.1795&2hi=0,https://salt.tikicdn.com/cache/280x280/ts/product/30/19/ee/ec62a42c86173b9a7b4805b0a4246ffe.jpg,(3 nh?n xét)
56090917,49717346,Ði?n tho?i Xiao?i Redmi 8 (3GB/32GB),2580000,-35%,/di?n-tho?i-xiao?i-redmi-8-3gb-32gb-h?ng-ch?nh-h?ng-p49717346.html?spid=56090917&src=category-page-1789.1795&2hi=0,https://salt.tikicdn.com/cache/280x280/ts/product/3d/29/fa/660d19254a270ae48abb0acf3a6f567d.jpg,(7 nh?n xét)
53827221,53827217,Ði?n Tho?i Oppo A12 (4GB/64GB),2990000,-25%,/di?n-tho?i-oppo-a12-4gb-64gb-h?ng-ch?nh-h?ng-p53827217.html?spid=53827221&src=category-page-1789.1795&2hi=0,https://salt.tikicdn.com/cache/280x280/ts/product/6a/f6/38/6e68f04cceeb9e87c301d6d58dc434a3.jpg,(3 nh?n xét)
56116700,56116696,Ði?n tho?i Xiao?i Redmi?note 9 (3GB/64GB),3990000,-25%,/di?n-tho?i-xiao?i-redmi?note-9-3gb-64gb-h?ng-ch?nh-h?ng-cuc-sac-du-ph?ng-xiao?i-pb-10-000mah-p56116696.html?spid=56116700&src=category-page-1789.1795&2hi=0,https://salt.tikicdn.com/cache/280x280/ts/product/9e/73/b2/2e97f0c5c2f87646a32e22e6e8664687.png,Chua có nh?n xét
53454291,6388491,Ði?n Tho?i Blackberry Key2 LE,6990000,-41%,/di?n-tho?i-blackberry-key2-le-h?ng-ch?nh-h?ng-p6388491.html?spid=53454291&src=category-page-1789.1795&2hi=0,https://salt.tikicdn.com/cache/280x280/ts/product/7d/9f/ae/c7513dc8f598da1877ce727702939bf7.jpg,(8 nh?n xét)
54028956,54028954,Ði?n Tho?i OPPO RENO 3 Pro (8GB/256GB),10490000,-30%,/di?n-tho?i-oppo-reno-3-pro-8gb-256gb-h?ng-ch?nh-h?ng-p54028954.html?spid=54028956&src=category-page-1789.1795&2hi=0,https://salt.tikicdn.com/cache/280x280/ts/product/34/b8/e7/0377d91e4e30c48bdd1577ba128ca3be.jpg,(2 nh?n xét)
55726716,55726714,Ði?n Tho?i Xiao?i Poco Ph?ne F2 Pro,12490000,,/di?n-tho?i-xiao?i-poco-ph?ne-f2-pro-h?ng-ch?nh-h?ng-p55726714.html?spid=55726716&src=category-page-1789.1795&2hi=0,https://salt.tikicdn.com/cache/280x280/ts/product/2b/26/24/edb0e9fe6a809aa645cb354972050045.png,Chua có nh?n xét
39033998,39033996,Ði?n Tho?i Vivo Y19 (128GB/6GB),4390000,-12%,/di?n-tho?i-vivo-y19-128gb-6gb-h?ng-ch?nh-h?ng-p39033996.html?spid=39033998&src=category-page-1789.1795&2hi=0,https://salt.tikicdn.com/cache/280x280/ts/product/45/21/89/56d69525bed8ba97d37cb0ec28109d50.jpg,(11 nh?n xét)
48998949,42704545,Ði?n Tho?i OPPO A5 2020 (64GB/3GB),3550000,-18%,/di?n-tho?i-oppo-a5-2020-64gb-3gb-h?ng-ch?nh-h?ng-p42704545.html?spid=48998949&src=category-page-1789.1795&2hi=0,https://salt.tikicdn.com/cache/280x280/ts/product/fb/d8/59/1e8382cbe565f0b5348325677136ee5c.jpg,(35 nh?n xét)
33139538,33139534,Combo Ði?n Tho?i Black Shark 2 Pro Qu?c T?...,11700000,-22%,/combo-di?n-tho?i-black-shark-2-pro-quoc-te-8gb-128gb-tay-cam-trai-black-shark-2-0-h?ng-ch?nh-h?ng-p33139534.html?spid=33139538&src=category-page-1789.1795&2hi=0,https://salt.tikicdn.com/cache/280x280/ts/product/9d/53/4b/d8626a4887bc63f8592ec929dca47021.jpg,(3 nh?n xét)
53704699,29964500,Ði?n Tho?i Samsung Galaxy A50s (64GB/4GB),5290000,-24%,/di?n-tho?i-samsung-galaxy-a50s-64gb-4gb-h?ng-ch?nh-h?ng-p29964500.html?spid=53704699&src=category-page-1789.1795&2hi=0,https://salt.tikicdn.com/cache/280x280/ts/product/15/b3/2e/93b3915aa2d060d1f548a85a70e37612.jpg,(76 nh?n xét)
56363287,56363285,Ði?n tho?i Vivo Y30 (4GB/128GB),4490000,-10%,/di?n-tho?i-vivo-y30-4gb-128gb-h?ng-ch?nh-h?ng-p56363285.html?spid=56363287&src=category-page-1789.1795&2hi=0,https://salt.tikicdn.com/cache/280x280/ts/product/db/60/9f/4fef573a54f8c8bad139f81a256158ed.jpg,(1 nh?n xét)
44147704,44147702,Ði?n Tho?i Vivo S1 Pro (8GB/128GB),6090000,-13%,/di?n-tho?i-vivo-s1-pro-8gb-128gb-h?ng-ch?nh-h?ng-p44147702.html?spid=44147704&src=category-page-1789.1795&2hi=0,https://salt.tikicdn.com/cache/280x280/ts/product/1b/da/e7/e27726c423d4ba5b50ecf9c6f781499d.jpg,(35 nh?n xét)
5875303,5875295,Ði?n Tho?i Bph?ne 3 Pro,9990000,,/di?n-tho?i-bph?ne-3-pro-h?ng-ch?nh-h?ng-p5875295.html?spid=5875303&src=category-page-1789.1795&2hi=0,https://salt.tikicdn.com/cache/280x280/ts/product/7d/8f/21/d9cefc7f0164f78eb84908b1d8175039.jpg,Chua có nh?n xét
53115462,53115460,Ði?n Tho?i iPh?ne  SE 256G ( 2020),15390000,-12%,/di?n-tho?i-iph?ne-se-256g-2020-h?ng-ch?nh-h?ng-p53115460.html?spid=53115462&src=category-page-1789.1795&2hi=0,https://salt.tikicdn.com/cache/280x280/ts/product/be/02/b1/59cc6207c7ab6924c945000c5ed6fb37.jpg,Chua có nh?n xét
55027794,55027792,Ði?n Tho?i Wiko View 4 Lite (2GB/64GB),2290000,-8%,/di?n-tho?i-wiko-view-4-lite-2gb-64gb-h?ng-ch?nh-h?ng-p55027792.html?spid=55027794&src=category-page-1789.1795&2hi=0,https://salt.tikicdn.com/cache/280x280/ts/product/ea/41/65/3ea854c924af158151a0c087a7652e47.jpg,(3 nh?n xét)
33895390,12206713,Ði?n Tho?i Samsung Galaxy S10 (128GB/8GB),10990000,-48%,/di?n-tho?i-samsung-galaxy-s10-128gb-8gb-h?ng-ch?nh-h?ng-da-kich-hoat-bao-h?nh-di?n-tu-p12206713.html?spid=33895390&src=category-page-1789.1795&2hi=0,https://salt.tikicdn.com/cache/280x280/ts/product/f5/e9/d6/3505610feb607b38ce9569484d832b1e.jpg,Chua có nh?n xét
53513454,53513450,Ði?n Tho?i iPh?ne SE 128G ( 2020),12050000,-20%,/di?n-tho?i-iph?ne-se-128g-2020-h?ng-nhap-khau-p53513450.html?spid=53513454&src=category-page-1789.1795&2hi=0,https://salt.tikicdn.com/cache/280x280/ts/product/c1/da/21/6d857127d36ef2028094eada2e5d5e85.PNG,Chua có nh?n xét
37289962,37289936,"Ði?n tho?i Oukitel WP2 ch?ng nu?c,ch?ng va...",5790000,-23%,/di?n-tho?i-oukitel-wp2-ch?ng-nuoc-ch?ng-va-dap-pin-10-000-mah-h?ng-ch?nh-h?ng-p37289936.html?spid=37289962&src=category-page-1789.1795&2hi=0,https://salt.tikicdn.com/cache/280x280/ts/product/fd/9a/50/d35336c3126729a85f5f4d4dfe24e2c8.png,(1 nh?n xét)
15404857,15286472,Ði?n Tho?i Itel A16 Plus,890000,-25%,/di?n-tho?i-itel-a16-plus-h?ng-ch?nh-h?ng-p15286472.html?spid=15404857&src=category-page-1789.1795&2hi=0,https://salt.tikicdn.com/cache/280x280/ts/product/58/af/14/c53f5ddd01dee16a2088412c174ba37b.jpg,Chua có nh?n xét
37601846,37601844,Ði?n Tho?i Wiko Y60 (1GB/16GB),1199000,-14%,/di?n-tho?i-wiko-y60-h?ng-ch?nh-h?ng-p37601844.html?spid=37601846&src=category-page-1789.1795&2hi=0,https://salt.tikicdn.com/cache/280x280/ts/product/a1/82/d1/ab7fcd12286579804a3191fe40f03388.jpg,(4 nh?n xét)
3003549,3003545,Ði?n Tho?i Vivo Y81,3490000,-30%,/di?n-tho?i-vivo-y81-h?ng-ch?nh-h?ng-p3003545.html?spid=3003549&src=category-page-1789.1795&2hi=0,https://salt.tikicdn.com/cache/280x280/ts/product/f6/7d/57/4ad055c7bbc2e7db3d8feda9fc126039.jpg,(4 nh?n xét)
56519260,56519259,Ði?n tho?i Black shark 3 (8GB/128GB),14490000,-3%,/di?n-tho?i-black-shark-3-8gb-128gb-h?ng-quoc-te-ch?nh-h?ng-p56519259.html?spid=56519260&src=category-page-1789.1795&2hi=0,https://salt.tikicdn.com/cache/280x280/ts/product/b1/8c/f7/4a7d50200c0bead7dc4be7c904a14271.png,Chua có nh?n xét
53687261,871834,Ði?n Tho?i BlackBerry KEYone (Silver),6590000,-56%,/di?n-tho?i-blackberry-keyone-silver-h?ng-ch?nh-h?ng-p871834.html?spid=53687261&src=category-page-1789.1795&2hi=0,https://salt.tikicdn.com/cache/280x280/ts/product/23/b1/0b/b4a0c2227a9e382b0b33265031845a7e.jpg,(39 nh?n xét)
53833084,53833081,Ði?n Tho?i Vivo V19 (8GB/128GB),8590000,-4%,/di?n-tho?i-vivo-v19-8gb-128gb-h?ng-ch?nh-h?ng-p53833081.html?spid=53833084&src=category-page-1789.1795&2hi=0,https://salt.tikicdn.com/cache/280x280/ts/product/2e/a6/a1/dd57f2e695f1f51a33e7f9592ab2a85e.jpg,Chua có nh?n xét
28298790,5868813,Ði?n Tho?i Bph?ne 3,6790000,-3%,/di?n-tho?i-bph?ne-3-h?ng-ch?nh-h?ng-p5868813.html?spid=28298790&src=category-page-1789.1795&2hi=0,https://salt.tikicdn.com/cache/280x280/ts/product/db/0f/00/dc873d08e25d59ea9abcc0d1638295d0.jpg,Chua có nh?n xét
53991005,33858454,Ði?n Tho?i iPh?ne 11 Pro Max 512GB,32999000,-30%,/di?n-tho?i-iph?ne-11-pro-max-512gb-h?ng-nhap-khau-p33858454.html?spid=53991005&src=category-page-1789.1795&2hi=0,https://salt.tikicdn.com/cache/280x280/ts/product/2d/e0/1f/1d53b953630455f2affb4266a3ad42f7.png,(1 nh?n xét)
58259145,58259141,Ði?n Tho?i Samsung Galaxy M31 (128GB/6GB),5990000,-8%,/di?n-tho?i-samsung-galaxy-m31-128gb-6gb-h?ng-ch?nh-h?ng-p58259141.html?spid=58259145&src=category-page-1789.1795&2hi=0,https://salt.tikicdn.com/cache/280x280/ts/product/ad/bc/1c/0dda08cc76cf2d246f666c94c7945706.jpg,(1 nh?n xét)
54449487,54449475,Ði?n tho?i Xiao?i Mi?note 10 Lite (Global...,7490000,-17%,/di?n-tho?i-xiao?i-mi?note-10-lite-global-versi?n-nguyen-seal-co-san-ti?ng-viet-kh?ng-can-cai-dat-h?ng-nhap-khau-p54449475.html?spid=54449487&src=category-page-1789.1795&2hi=0,https://salt.tikicdn.com/cache/280x280/ts/product/a2/4e/eb/426f05768b1e0e4c2e87186949057684.png,Chua có nh?n xét
48524587,48524585,Ði?n tho?i Vivo U10 (4GB/64GB),3590000,-10%,/di?n-tho?i-vivo-u10-4gb-64gb-h?ng-ch?nh-h?ng-p48524585.html?spid=48524587&src=category-page-1789.1795&2hi=0,https://salt.tikicdn.com/cache/280x280/ts/product/49/82/f5/6be46fb5e4ef34681e0396319dd226c8.jpg,(1 nh?n xét)
58208139,14651348,Ði?n tho?i Meizu C9 (T?ng kèm ?p lung),1200000,-40%,/di?n-tho?i-meizu-c9-tang-kem-op-lung-h?ng-ch?nh-h?ng-p14651348.html?spid=58208139&src=category-page-1789.1795&2hi=0,https://salt.tikicdn.com/cache/280x280/ts/product/a7/c6/6d/10de721b7d29220b5130ddac40378195.jpg,(2 nh?n xét)
53650706,799377,Ði?n Tho?i BlackBerry KEYone Black Editi?n...,7390000,-54%,/di?n-tho?i-blackberry-keyone-black-editi?n-den-h?ng-ch?nh-h?ng-p799377.html?spid=53650706&src=category-page-1789.1795&2hi=0,https://salt.tikicdn.com/cache/280x280/ts/product/5d/1e/2e/779db757e1a7de8820fb21a47e2af4f8.jpg,(30 nh?n xét)
45902323,19912999,Ði?n tho?i Wiko Jerry 4,1490000,-17%,/di?n-tho?i-wiko-jerry-4-h?ng-ch?nh-h?ng-p19912999.html?spid=45902323&src=category-page-1789.1795&2hi=0,https://salt.tikicdn.com/cache/280x280/ts/product/05/b2/09/2943ca7c56da84c840a37cfa6635093a.png,(1 nh?n xét)
53841476,53841463,Ði?n tho?i Xiao?i Redmi 8 (3/32G),2590000,-13%,/di?n-tho?i-xiao?i-redmi-8-3-32g-h?ng-ch?nh-h?ng-p53841463.html?spid=53841476&src=category-page-1789.1795&2hi=0,https://salt.tikicdn.com/cache/280x280/ts/product/4c/13/af/a977e337a8aa0863994b3010fa46f87a.png,Chua có nh?n xét
55148408,55148406,iPad 10.2 Inch WiFi/Cellular 32GB New 2019,12490000,-4%,/ipad-10-2-inch-wifi-cellular-32gb-new-2019-h?ng-ch?nh-h?ng-p55148406.html?spid=55148408&src=category-page-1789.1795&2hi=0,https://salt.tikicdn.com/cache/280x280/ts/product/29/d0/9c/d3556264e6802ff1e2035f89419e2eeb.jpg,Chua có nh?n xét
8543281,8543277,Ði?n Tho?i Vivo Y91,3398000,-24%,/di?n-tho?i-vivo-y91-h?ng-ch?nh-h?ng-p8543277.html?spid=8543281&src=category-page-1789.1795&2hi=0,https://salt.tikicdn.com/cache/280x280/ts/product/7e/67/ec/3188e3e13ea26ebf5321aedcbc1e2c84.jpg,Chua có nh?n xét
53498739,2570827,Ði?n Tho?i Blackberry KEY2,14800000,-18%,/di?n-tho?i-blackberry-key2-h?ng-ch?nh-h?ng-p2570827.html?spid=53498739&src=category-page-1789.1795&2hi=0,https://salt.tikicdn.com/cache/280x280/ts/product/0b/cc/90/263ba600ca7fcb6d0f9f7dbf5857ee20.jpg,(28 nh?n xét)
53833098,53833095,Ði?n Tho?i Vivo Y50 (8GB/128GB),5790000,-8%,/di?n-tho?i-vivo-y50-8gb-128gb-h?ng-ch?nh-h?ng-p53833095.html?spid=53833098&src=category-page-1789.1795&2hi=0,https://salt.tikicdn.com/cache/280x280/ts/product/a7/ab/c8/1ddca15d19e9757f81fc5c002a810a69.jpg,Chua có nh?n xét
24267008,24267006,Ði?n Tho?i OPPO K3 (64G/6GB),4990000,-29%,/di?n-tho?i-oppo-k3-64g-6gb-h?ng-ch?nh-h?ng-p24267006.html?spid=24267008&src=category-page-1789.1795&2hi=0,https://salt.tikicdn.com/cache/280x280/ts/product/3c/0b/b8/0c344b5538897f5095d0faefc3605f50.jpg,(2 nh?n xét)
680662,658538,Ði?n Tho?i Bluboo Dual (16GB/2GB),1590000,-65%,/di?n-tho?i-bluboo-dual-16gb-2gb-h?ng-ch?nh-h?ng-p658538.html?spid=680662&src=category-page-1789.1795&2hi=0,https://salt.tikicdn.com/cache/280x280/media/catalog/product/4/_/4.u2751.d20170602.t162705.527355.jpg,Chua có nh?n xét
50346781,50340114,Ði?n Tho?i Samsung Galaxy S20 Ultra,20969000,-30%,/di?n-tho?i-samsung-galaxy-s20-ultra-h?ng-ch?nh-h?ng-da-kich-hoat-bao-h?nh-di?n-tu-p50340114.html?spid=50346781&src=category-page-1789.1795&2hi=0,https://salt.tikicdn.com/cache/280x280/ts/product/74/28/0f/53460617f081ae52aee48e4e1d1dbfbf.jpg,Chua có nh?n xét
53515402,53515396,Ði?n Tho?i iPh?ne SE 256G ( 2020),13799000,-21%,/di?n-tho?i-iph?ne-se-256g-2020-h?ng-nhap-khau-p53515396.html?spid=53515402&src=category-page-1789.1795&2hi=0,https://salt.tikicdn.com/cache/280x280/ts/product/f8/82/d7/f57c8b6b984d8d03a018db7949a36221.jpg,Chua có nh?n xét
48696452,48312354,Ði?n tho?i Vivo U10 4GB/64GB,3630000,-9%,/di?n-tho?i-vivo-u10-4gb-64gb-h?ng-ch?nh-h?ng-xanh-p48312354.html?spid=48696452&src=category-page-1789.1795&2hi=0,https://salt.tikicdn.com/cache/280x280/ts/product/ae/6f/d9/d468ce3ec3959a988dc8c521b98fc421.png,Chua có nh?n xét
4600087,4600083,Ði?n Tho?i Vivo V11i,4855000,-19%,/di?n-tho?i-vivo-v11i-h?ng-ch?nh-h?ng-p4600083.html?spid=4600087&src=category-page-1789.1795&2hi=0,https://salt.tikicdn.com/cache/280x280/ts/product/71/61/a8/743adcdc27a76d584360134dd13d2d84.jpg,Chua có nh?n xét
21957503,21957501,Ði?n tho?i Ulefone power 6 (Ram 4GB/Rom 64Gb...,3990000,-33%,/di?n-tho?i-ulefone-power-6-ram-4gb-rom-64gb-man-h?nh-giot-nuoc-h?ng-ch?nh-h?ng-p21957501.html?spid=21957503&src=category-page-1789.1795&2hi=0,https://salt.tikicdn.com/cache/280x280/ts/product/23/ad/01/66b15acff438946adecb25c2f5e254e4.jpg,(2 nh?n xét)
52153189,31542544,Ði?n Tho?i Vivo Y12 (32GB/3GB),2750000,-19%,/di?n-tho?i-vivo-y12-32gb-3gb-h?ng-ch?nh-h?ng-p31542544.html?spid=52153189&src=category-page-1789.1795&2hi=0,https://salt.tikicdn.com/cache/280x280/ts/product/61/d0/96/45f5cba6aaa3b9944bbdda354539676f.png,(1 nh?n xét)
53051060,13561031,Máy Tính B?ng Samsung Galaxy A Plus 8'' (Có...,5790000,-17%,/may-tinh-bang-samsung-galaxy-a-plus-8-co-s-pen-h?ng-ch?nh-h?ng-da-kich-hoat-bao-h?nh-di?n-tu-p13561031.html?spid=53051060&src=category-page-1789.1795&2hi=0,https://salt.tikicdn.com/cache/280x280/ts/product/8e/09/d6/2a152bf939fd6e48f81ade293928c675.jpg,(1 nh?n xét)
15241593,15241591,Ði?n Tho?i h?nor 20 Lite,4790000,-20%,/di?n-tho?i-h?nor-20-lite-h?ng-ch?nh-h?ng-p15241591.html?spid=15241593&src=category-page-1789.1795&2hi=0,https://salt.tikicdn.com/cache/280x280/ts/product/ea/f1/29/4a453c0295783adef5d0cfba7a42e05e.jpg,(3 nh?n xét)
14687816,14568998,Ði?n Tho?i Suntek A1 4GB,3290000,-23%,/di?n-tho?i-suntek-a1-4gb-h?ng-ch?nh-h?ng-p14568998.html?spid=14687816&src=category-page-1789.1795&2hi=0,https://salt.tikicdn.com/cache/280x280/ts/product/45/9e/58/540f5741e2557eb9ac37f49b1a065b9a.jpg,Chua có nh?n xét
2316969,2316961,Ði?n Tho?i Infinix HOT S (X521),2350000,-16%,/di?n-tho?i-infinix-hot-s-x521-h?ng-ch?nh-h?ng-p2316961.html?spid=2316969&src=category-page-1789.1795&2hi=0,https://salt.tikicdn.com/cache/280x280/ts/product/78/fd/9a/f1f23aa98944cd4ee104442a139cd8b9.jpg,(3 nh?n xét)
58130129,58130128,Ði?n tho?i ITEL S41 3GB/16GB + ?p d?o,1210000,-43%,/di?n-tho?i-itel-s41-3gb-16gb-op-deo-bao-mat-van-tay-khuon-mat-h?ng-ch?nh-h?ng-p58130128.html?spid=58130129&src=category-page-1789.1795&2hi=0,https://salt.tikicdn.com/cache/280x280/ts/product/6b/a1/a5/d20fb58b6fda08a5ba64d580c3800930.jpg,Chua có nh?n xét
34292702,34292701,Smartph?ne,3990000,,/smartph?ne-vivas-lotus-s3-lte-p34292701.html?spid=34292702&src=category-page-1789.1795&2hi=0,https://salt.tikicdn.com/cache/280x280/ts/product/0b/48/26/c76c426b5dedabafc72ba473db256b0c.jpg,Chua có nh?n xét
733462,724530,Loa JBL SoundBoost Motomods (Dành Cho Moto Z...,2999000,,/loa-jbl-soundboost-motomods-danh-cho-moto-z-moto-z-play-h?ng-ch?nh-h?ng-p724530.html?spid=733462&src=category-page-1789.1795&2hi=0,https://salt.tikicdn.com/cache/280x280/media/catalog/product/1/_/1.u5395.d20170717.t165116.811431.jpg,Chua có nh?n xét
23166619,10758575,Ði?n Tho?i Samsung Galaxy M20 (32GB/3GB),3490000,-30%,/di?n-tho?i-samsung-galaxy-m20-32gb-3gb-h?ng-ch?nh-h?ng-da-kich-hoat-bao-h?nh-di?n-tu-p10758575.html?spid=23166619&src=category-page-1789.1795&2hi=0,https://salt.tikicdn.com/cache/280x280/ts/product/8e/89/ea/0b377bbd8412d63a66cee97e3770a12e.jpg,(63 nh?n xét)
58445009,58444960,Ði?n tho?i Vivo Y1S,2690000,,/di?n-tho?i-vivo-y1s-h?ng-ch?nh-h?ng-p58444960.html?spid=58445009&src=category-page-1789.1795&2hi=0,https://salt.tikicdn.com/cache/280x280/ts/product/ac/e0/57/6f377a45a456cda76c40bbd79b64a0a3.png,Chua có nh?n xét
58437157,58437155,Ði?n Tho?i OPPO RENO 4 (8GB/128GB),8490000,-6%,/di?n-tho?i-oppo-reno-4-8gb-128gb-h?ng-ch?nh-h?ng-p58437155.html?spid=58437157&src=category-page-1789.1795&2hi=0,https://salt.tikicdn.com/cache/280x280/ts/product/3f/bf/ab/9e806e8d17b548cf1d494f5951076690.jpg,Chua có nh?n xét
58459138,58459136,Ði?n Tho?i OPPO RENO 4 PRO  (8GB/256GB),11990000,-8%,/di?n-tho?i-oppo-reno-4-pro-8gb-256gb-h?ng-ch?nh-h?ng-p58459136.html?spid=58459138&src=category-page-1789.1795&2hi=0,https://salt.tikicdn.com/cache/280x280/ts/product/5e/cc/af/12d3b2febad183795a833056dbd220be.jpg,Chua có nh?n xét
